/*
SQLyog Trial v12.1 (64 bit)
MySQL - 5.6.23-log : Database - eos
*********************************************************************
*/

/*!40101 SET NAMES utf8 */;

/*!40101 SET SQL_MODE=''*/;

/*!40014 SET @OLD_UNIQUE_CHECKS=@@UNIQUE_CHECKS, UNIQUE_CHECKS=0 */;
/*!40014 SET @OLD_FOREIGN_KEY_CHECKS=@@FOREIGN_KEY_CHECKS, FOREIGN_KEY_CHECKS=0 */;
/*!40101 SET @OLD_SQL_MODE=@@SQL_MODE, SQL_MODE='NO_AUTO_VALUE_ON_ZERO' */;
/*!40111 SET @OLD_SQL_NOTES=@@SQL_NOTES, SQL_NOTES=0 */;
CREATE DATABASE /*!32312 IF NOT EXISTS*/`eos` /*!40100 DEFAULT CHARACTER SET utf8 */;

USE `eos`;

/*Table structure for table `articulos_paquete` */

CREATE TABLE `articulos_paquete` (
  `IDARTICULOSPAQUETE` bigint(20) NOT NULL,
  `CANTIDAD` bigint(20) DEFAULT NULL,
  `COD_ALM` varchar(255) DEFAULT NULL,
  `COD_ART` varchar(255) DEFAULT NULL,
  `ID_CUENTA` bigint(20) DEFAULT NULL,
  `IDCLIENTE` bigint(20) DEFAULT NULL,
  `IDPAQUETES` bigint(20) DEFAULT NULL,
  `NO_CIA` varchar(255) DEFAULT NULL,
  `PRECIO` double DEFAULT NULL,
  `TOTAL` double DEFAULT NULL,
  PRIMARY KEY (`IDARTICULOSPAQUETE`)
) ENGINE=InnoDB DEFAULT CHARSET=utf8;

/*Data for the table `articulos_paquete` */

/*Table structure for table `articulos_pedido` */

CREATE TABLE `articulos_pedido` (
  `IDARTICULOSPEDIDO` bigint(20) NOT NULL,
  `CAJA` bigint(20) DEFAULT NULL,
  `CANTIDAD` int(11) DEFAULT NULL,
  `COD_ALM` varchar(255) DEFAULT NULL,
  `COD_ART` varchar(255) DEFAULT NULL,
  `NO_CIA` varchar(255) DEFAULT NULL,
  `PRECIO` double DEFAULT NULL,
  `PRECIO_INV` double DEFAULT NULL,
  `PROMOCION` int(11) DEFAULT NULL,
  `REPOSICION` int(11) DEFAULT NULL,
  `TOTAL` int(11) DEFAULT NULL,
  `TOTAL_INV` int(11) DEFAULT NULL,
  `IMPORTE` double NOT NULL,
  `IDPEDIDOS` bigint(20) DEFAULT NULL,
  `estado` varchar(20) DEFAULT NULL,
  `POR_REPONER` int(11) DEFAULT NULL,
  PRIMARY KEY (`IDARTICULOSPEDIDO`),
  KEY `ARTICULOS_PEDIDO_INV_ARTICULOS_FK_idx` (`COD_ART`,`NO_CIA`),
  KEY `FK_ARTICULOS_PEDIDO_PEDIDOS_idx` (`IDPEDIDOS`),
  CONSTRAINT `ARTICULOS_PEDIDO_INV_ARTICULOS_FK` FOREIGN KEY (`COD_ART`, `NO_CIA`) REFERENCES `inv_articulos` (`COD_ART`, `NO_CIA`) ON DELETE NO ACTION ON UPDATE NO ACTION,
  CONSTRAINT `FK_ARTICULOS_PEDIDO_PEDIDOS` FOREIGN KEY (`IDPEDIDOS`) REFERENCES `pedidos` (`IDPEDIDOS`) ON DELETE NO ACTION ON UPDATE NO ACTION
) ENGINE=InnoDB DEFAULT CHARSET=utf8;

/*Data for the table `articulos_pedido` */

insert  into `articulos_pedido`(`IDARTICULOSPEDIDO`,`CAJA`,`CANTIDAD`,`COD_ALM`,`COD_ART`,`NO_CIA`,`PRECIO`,`PRECIO_INV`,`PROMOCION`,`REPOSICION`,`TOTAL`,`TOTAL_INV`,`IMPORTE`,`IDPEDIDOS`,`estado`,`POR_REPONER`) values (51,NULL,10,NULL,'148','01',7,7,0,0,10,0,70,2,NULL,NULL),(52,NULL,10,NULL,'128','01',7,7,0,0,10,0,70,2,NULL,NULL),(151,NULL,12,NULL,'149','01',7,7,0,0,12,0,84,4,NULL,NULL),(152,NULL,13,NULL,'118','01',7,7,0,0,13,0,91,4,NULL,NULL),(153,NULL,34,NULL,'119','01',7,7,0,0,34,0,238,4,NULL,NULL),(201,NULL,12,NULL,'118','01',7,7,0,0,12,0,84,5,NULL,NULL),(202,NULL,23,NULL,'150','01',7,7,0,0,23,0,161,5,NULL,NULL),(203,NULL,34,NULL,'129','01',7,7,0,0,34,0,238,5,NULL,NULL),(251,NULL,12,NULL,'118','01',7,7,0,0,12,0,84,6,NULL,NULL),(252,NULL,23,NULL,'149','01',7,7,0,0,23,0,161,6,NULL,NULL),(253,NULL,45,NULL,'131','01',7,7,0,0,45,0,315,6,NULL,NULL),(254,NULL,2,NULL,'124','01',7,7,0,0,2,0,14,6,NULL,NULL),(255,NULL,3,NULL,'124','01',7,7,0,0,3,0,21,6,NULL,NULL),(301,NULL,23,NULL,'118','01',7,7,0,0,23,0,161,7,NULL,NULL),(302,NULL,12,NULL,'149','01',7,7,0,0,12,0,84,7,NULL,NULL),(303,NULL,45,NULL,'129','01',7,7,0,0,45,0,315,7,NULL,NULL),(351,NULL,12,NULL,'118','01',7,7,0,0,12,0,84,8,NULL,NULL),(352,NULL,23,NULL,'148','01',7,7,0,0,23,0,161,8,NULL,NULL),(353,NULL,23,NULL,'150','01',7,7,0,0,23,0,161,8,NULL,NULL);

/*Table structure for table `codigopedidosecuencia` */

CREATE TABLE `codigopedidosecuencia` (
  `secuencia` bigint(20) NOT NULL,
  PRIMARY KEY (`secuencia`),
  UNIQUE KEY `unique_secuencia` (`secuencia`)
) ENGINE=InnoDB DEFAULT CHARSET=utf8;

/*Data for the table `codigopedidosecuencia` */

insert  into `codigopedidosecuencia`(`secuencia`) values (1),(2),(3),(4),(5),(6),(7);

/*Table structure for table `compania` */

CREATE TABLE `compania` (
  `IDCOMPANIA` bigint(20) NOT NULL,
  `CODIGO` varchar(255) DEFAULT NULL,
  PRIMARY KEY (`IDCOMPANIA`)
) ENGINE=InnoDB DEFAULT CHARSET=utf8;

/*Data for the table `compania` */

insert  into `compania`(`IDCOMPANIA`,`CODIGO`) values (1,'ILVA');

/*Table structure for table `departamento` */

CREATE TABLE `departamento` (
  `IDDEPARTAMENTO` bigint(24) NOT NULL,
  `NOMBRE` varchar(20) DEFAULT NULL,
  PRIMARY KEY (`IDDEPARTAMENTO`)
) ENGINE=InnoDB DEFAULT CHARSET=utf8;

/*Data for the table `departamento` */

insert  into `departamento`(`IDDEPARTAMENTO`,`NOMBRE`) values (1,'COCHABAMBA'),(2,'SANTA CRUZ'),(3,'LA PAZ'),(4,'SUCRE'),(5,'ORURO'),(6,'BENI'),(7,'PANDO'),(8,'POTOSI'),(9,'CHUQUISACA');

/*Table structure for table `derechoacceso` */

CREATE TABLE `derechoacceso` (
  `PERMISO` int(11) DEFAULT NULL,
  `IDROL` bigint(20) NOT NULL,
  `IDFUNCIONALIDAD` bigint(20) NOT NULL,
  `IDCOMPANIA` bigint(20) DEFAULT NULL,
  `IDMODULO` bigint(20) DEFAULT NULL,
  PRIMARY KEY (`IDROL`,`IDFUNCIONALIDAD`),
  KEY `FK_derechoacceso_IDCOMPANIA` (`IDCOMPANIA`,`IDMODULO`),
  KEY `FK_derechoacceso_IDFUNCIONALIDAD` (`IDFUNCIONALIDAD`),
  CONSTRAINT `FK_derechoacceso_IDCOMPANIA` FOREIGN KEY (`IDCOMPANIA`, `IDMODULO`) REFERENCES `modulocompania` (`IDCOMPANIA`, `IDMODULO`),
  CONSTRAINT `FK_derechoacceso_IDFUNCIONALIDAD` FOREIGN KEY (`IDFUNCIONALIDAD`) REFERENCES `funcionalidad` (`IDFUNCIONALIDAD`),
  CONSTRAINT `FK_derechoacceso_IDROL` FOREIGN KEY (`IDROL`) REFERENCES `rol` (`IDROL`)
) ENGINE=InnoDB DEFAULT CHARSET=utf8;

/*Data for the table `derechoacceso` */

/*Table structure for table `distribuidor` */

CREATE TABLE `distribuidor` (
  `PI_ID` bigint(20) NOT NULL AUTO_INCREMENT,
  `OBSERVACION` varchar(255) DEFAULT NULL,
  PRIMARY KEY (`PI_ID`)
) ENGINE=InnoDB DEFAULT CHARSET=utf8;

/*Data for the table `distribuidor` */

/*Table structure for table `dosificacion` */

CREATE TABLE `dosificacion` (
  `IDDOSIFICACION` bigint(24) NOT NULL,
  `NROAUTORIZACION` bigint(20) DEFAULT NULL,
  `FECHAVENCIMIENTO` date DEFAULT NULL,
  `EST_COD` varchar(30) DEFAULT NULL,
  `LLAVE` varchar(100) DEFAULT NULL,
  `ESTADO` varchar(15) DEFAULT NULL,
  `FACTURADEL` bigint(20) DEFAULT NULL,
  `FACTURAAL` bigint(20) DEFAULT NULL,
  `NUMEROACTUAL` bigint(20) DEFAULT NULL,
  PRIMARY KEY (`IDDOSIFICACION`)
) ENGINE=InnoDB DEFAULT CHARSET=utf8;

/*Data for the table `dosificacion` */

insert  into `dosificacion`(`IDDOSIFICACION`,`NROAUTORIZACION`,`FECHAVENCIMIENTO`,`EST_COD`,`LLAVE`,`ESTADO`,`FACTURADEL`,`FACTURAAL`,`NUMEROACTUAL`) values (1,790400429977,'2015-03-31','2009','+[+++Y9*3jBAJPtAH98YLUrN)R]%Qd(Dw_Xu2#\\#WJDMZU8f(9R6-22XJZ(5SK$6','ACTIVO',1,9999999,1);

/*Table structure for table `empleado` */

CREATE TABLE `empleado` (
  `IDEMPLEADO` bigint(20) NOT NULL,
  `CODIGOEMPLEADO` varchar(255) DEFAULT NULL,
  `CODIGOMARCACION` varchar(255) DEFAULT NULL,
  `FECHAINGRESO` date DEFAULT NULL,
  `FECHASALIDA` date DEFAULT NULL,
  `FLAGAFP` bigint(20) DEFAULT NULL,
  `FLAGCONTROL` bigint(20) DEFAULT NULL,
  `FLAGJUBILADO` bigint(20) DEFAULT NULL,
  `FLAGRET` bigint(20) DEFAULT NULL,
  `IDCOMPANIA` bigint(20) DEFAULT NULL,
  `IDUNIDADNEGOCIO` bigint(20) DEFAULT NULL,
  `SALARIO` double DEFAULT NULL,
  `TIPODEPAGO` varchar(255) DEFAULT NULL,
  PRIMARY KEY (`IDEMPLEADO`)
) ENGINE=InnoDB DEFAULT CHARSET=utf8;

/*Data for the table `empleado` */

/*Table structure for table `estado_pedidos` */

CREATE TABLE `estado_pedidos` (
  `IDESTADOPEDIDO` bigint(20) NOT NULL,
  `ESTADO` varchar(255) DEFAULT NULL,
  PRIMARY KEY (`IDESTADOPEDIDO`)
) ENGINE=InnoDB DEFAULT CHARSET=utf8;

/*Data for the table `estado_pedidos` */

/*Table structure for table `funcionalidad` */

CREATE TABLE `funcionalidad` (
  `IDFUNCIONALIDAD` bigint(20) NOT NULL,
  `CODIGO` varchar(255) DEFAULT NULL,
  `DESCRIPCION` longtext,
  `IDCOMPANIA` bigint(20) DEFAULT NULL,
  `NOMBRERECURSO` varchar(255) DEFAULT NULL,
  `PERMISO` int(11) DEFAULT NULL,
  `IDMODULO` bigint(20) DEFAULT NULL,
  PRIMARY KEY (`IDFUNCIONALIDAD`),
  KEY `FK_funcionalidad_IDMODULO` (`IDMODULO`),
  CONSTRAINT `FK_funcionalidad_IDMODULO` FOREIGN KEY (`IDMODULO`) REFERENCES `modulo` (`IDMODULO`)
) ENGINE=InnoDB DEFAULT CHARSET=utf8;

/*Data for the table `funcionalidad` */

/*Table structure for table `id_gen` */

CREATE TABLE `id_gen` (
  `GEN_NAME` varchar(30) NOT NULL,
  `GEN_VAL` bigint(50) DEFAULT NULL,
  PRIMARY KEY (`GEN_NAME`),
  UNIQUE KEY `GEN_NAME_UNIQUE` (`GEN_NAME`)
) ENGINE=InnoDB DEFAULT CHARSET=utf8;

/*Data for the table `id_gen` */

insert  into `id_gen`(`GEN_NAME`,`GEN_VAL`) values ('ArticulosPedido_Gen',400),('PedidosCodigo_Gen',7),('Pedidos_Gen',8),('Persona_GEN',19),('Territoriotrabajo_Gen',5);

/*Table structure for table `impresionfactura` */

CREATE TABLE `impresionfactura` (
  `IDIMPRECIONFACTURA` bigint(24) NOT NULL,
  `FECHAIMPRESION` timestamp NOT NULL DEFAULT CURRENT_TIMESTAMP ON UPDATE CURRENT_TIMESTAMP,
  `TIPO` varchar(10) DEFAULT NULL,
  `IDMOVIMIENTO` bigint(24) NOT NULL,
  `IDUSUARIO` bigint(20) NOT NULL,
  `IDDOSIFICACION` bigint(24) DEFAULT NULL,
  PRIMARY KEY (`IDIMPRECIONFACTURA`),
  KEY `IMPRESIONFACTURA_MOVIMIENTO_FK` (`IDMOVIMIENTO`),
  KEY `IMPRESIONFACTURA_usuario_FK` (`IDUSUARIO`),
  KEY `IMPRESIONFACTURA_dosificacion_idx` (`IDDOSIFICACION`),
  CONSTRAINT `IMPRESIONFACTURA_MOVIMIENTO_FK` FOREIGN KEY (`IDMOVIMIENTO`) REFERENCES `movimiento` (`IDMOVIMIENTO`),
  CONSTRAINT `IMPRESIONFACTURA_dosificacion` FOREIGN KEY (`IDDOSIFICACION`) REFERENCES `dosificacion` (`IDDOSIFICACION`) ON DELETE NO ACTION ON UPDATE NO ACTION,
  CONSTRAINT `IMPRESIONFACTURA_usuario_FK` FOREIGN KEY (`IDUSUARIO`) REFERENCES `usuario` (`IDUSUARIO`)
) ENGINE=InnoDB DEFAULT CHARSET=utf8;

/*Data for the table `impresionfactura` */

/*Table structure for table `institucion` */

CREATE TABLE `institucion` (
  `PI_ID` bigint(20) NOT NULL,
  `RAZONSOCIAL` varchar(255) DEFAULT NULL,
  PRIMARY KEY (`PI_ID`)
) ENGINE=InnoDB DEFAULT CHARSET=utf8;

/*Data for the table `institucion` */

/*Table structure for table `inv_articulos` */

CREATE TABLE `inv_articulos` (
  `CANTIAD_EQUI` double DEFAULT NULL,
  `COD_MED` varchar(255) DEFAULT NULL,
  `COD_MED_MAY` varchar(255) DEFAULT NULL,
  `COD_SUB` varchar(255) DEFAULT NULL,
  `CONTROL_VALORADO` varchar(255) DEFAULT NULL,
  `COSTO_UNI` double DEFAULT NULL,
  `CUENTA_ART` varchar(255) DEFAULT NULL,
  `DESCRI` varchar(255) DEFAULT NULL,
  `ESTADO` varchar(255) DEFAULT NULL,
  `NOMBRECORTO` varchar(255) DEFAULT NULL,
  `SALDO_MON` double DEFAULT NULL,
  `STOCKMAXIMO` double DEFAULT NULL,
  `STOCKMINIMO` double DEFAULT NULL,
  `VENDIBLE` varchar(255) DEFAULT NULL,
  `VERSION` bigint(20) DEFAULT NULL,
  `COD_ART` varchar(255) NOT NULL,
  `NO_CIA` varchar(255) NOT NULL,
  `COD_GRU` varchar(255) DEFAULT NULL,
  PRIMARY KEY (`COD_ART`,`NO_CIA`),
  KEY `FK_inv_articulos_COD_GRU` (`COD_GRU`,`NO_CIA`),
  CONSTRAINT `FK_inv_articulos_COD_GRU` FOREIGN KEY (`COD_GRU`, `NO_CIA`) REFERENCES `inv_grupos` (`COD_GRU`, `NO_CIA`)
) ENGINE=InnoDB DEFAULT CHARSET=utf8;

/*Data for the table `inv_articulos` */

insert  into `inv_articulos`(`CANTIAD_EQUI`,`COD_MED`,`COD_MED_MAY`,`COD_SUB`,`CONTROL_VALORADO`,`COSTO_UNI`,`CUENTA_ART`,`DESCRI`,`ESTADO`,`NOMBRECORTO`,`SALDO_MON`,`STOCKMAXIMO`,`STOCKMINIMO`,`VENDIBLE`,`VERSION`,`COD_ART`,`NO_CIA`,`COD_GRU`) values (NULL,'LT',NULL,'1',NULL,3.5,'40302001001001','LECHE CRUDA','VIG',NULL,NULL,NULL,NULL,'N',1,'1','01','1'),(NULL,'GR',NULL,'2',NULL,1,'40302002001002','ESENCIA DAMAZCO','VIG',NULL,NULL,NULL,NULL,'N',0,'10','01','2'),(NULL,'ML',NULL,'3',NULL,1,'40302004002018','METIL ETIL CETONA 9154','VIG',NULL,NULL,NULL,NULL,'N',0,'100','01','3'),(NULL,'ML',NULL,'3',NULL,1,'40302004002018','TINTA KF 9660','VIG',NULL,NULL,NULL,NULL,'N',0,'101','01','3'),(NULL,'UN',NULL,'3',NULL,1,'40302004002018','TINTA 9570','VIG',NULL,NULL,NULL,NULL,'N',0,'102','01','3'),(NULL,'ML',NULL,'4',NULL,1,'40302004002018','ADDITIVO 8661','VIG',NULL,NULL,NULL,NULL,'N',0,'103','01','3'),(NULL,'ML',NULL,'4',NULL,1,'40302004002018','METIL ETIL CETONA 5191','VIG',NULL,NULL,NULL,NULL,'N',0,'104','01','3'),(NULL,'LT',NULL,'5',NULL,1,'40302004004001','ALCOHOL','VIG',NULL,NULL,NULL,NULL,'N',0,'105','01','3'),(NULL,'UN',NULL,'5',NULL,1,'40302004004002','PICETA GRADUADA DE 1000 ML','VIG',NULL,NULL,NULL,NULL,'N',0,'106','01','3'),(NULL,'UN',NULL,'5',NULL,1,'40302004004002','PICETA GRADUADA DE 500 ML','VIG',NULL,NULL,NULL,NULL,'N',0,'107','01','3'),(NULL,'ML',NULL,'5',NULL,1,'40302004004002','ACIDO SULFURICO','VIG',NULL,NULL,NULL,NULL,'N',0,'108','01','3'),(NULL,'LT',NULL,'6',NULL,1,'40302004001003','ACIDO NITRICO','VIG',NULL,NULL,NULL,NULL,'N',0,'109','01','3'),(NULL,'GR',NULL,'2',NULL,1,'40302002001002','ESENCIA DULCE DE LECHE','VIG',NULL,NULL,NULL,NULL,'N',0,'11','01','2'),(NULL,'LT',NULL,'6',NULL,1,'40302004001003','ADDITIVO 5661','VIG',NULL,NULL,NULL,NULL,'N',0,'110','01','3'),(NULL,'LT',NULL,'6',NULL,1,'40302004001003','ADITIVO  5551','VIG',NULL,NULL,NULL,NULL,'N',0,'111','01','3'),(NULL,'KG',NULL,'6',NULL,1,'40302004001003','CLORO','VIG',NULL,NULL,NULL,NULL,'N',0,'112','01','3'),(NULL,'UN',NULL,'6',NULL,1,'40302004001003','DETERGENTE','VIG',NULL,NULL,NULL,NULL,'N',0,'113','01','3'),(NULL,'LT',NULL,'6',NULL,1,'40302004001003','SANIT-T-10','VIG',NULL,NULL,NULL,NULL,'N',0,'114','01','3'),(NULL,'KG',NULL,'6',NULL,1,'40302004001003','SODA CAUSTICA','VIG',NULL,NULL,NULL,NULL,'N',0,'115','01','3'),(NULL,'KG',NULL,'6',NULL,1,'40302004001003','PEROXIDO','VIG',NULL,NULL,NULL,NULL,'N',0,'116','01','3'),(NULL,'UN',NULL,'7',NULL,1,'40302004003001','TEFLON DE MAQUINA','VIG',NULL,NULL,NULL,NULL,'N',0,'117','01','3'),(NULL,'UN',NULL,'1',NULL,1,'40301001001001','LECHE NATURAL UHT 950 ML','VIG',NULL,NULL,NULL,NULL,'N',0,'118','01','4'),(NULL,'UN',NULL,'2',NULL,1,'40301001001001','CHICOTRON 1LT','VIG',NULL,NULL,NULL,NULL,'N',0,'119','01','4'),(NULL,'GR',NULL,'2',NULL,1,'40302002001002','ESENCIA DURAZNO','VIG',NULL,NULL,NULL,NULL,'N',0,'12','01','2'),(NULL,'UN',NULL,'2',NULL,1,'40301001001001','CHICOTRON 100 CC','VIG',NULL,NULL,NULL,NULL,'N',0,'120','01','4'),(NULL,'UN',NULL,'2',NULL,1,'40301001001001','CHICOTRON 150 CC','VIG',NULL,NULL,NULL,NULL,'N',0,'121','01','4'),(NULL,'UN',NULL,'2',NULL,1,'40301001001001','CHICOTRON 160 CC','VIG',NULL,NULL,NULL,NULL,'N',0,'122','01','4'),(NULL,'UN',NULL,'2',NULL,1,'40301001001001','LECHE C. AVENA SAB CANELA160','VIG',NULL,NULL,NULL,NULL,'N',0,'123','01','4'),(NULL,'UN',NULL,'2',NULL,1,'40301001001001','LECHE MALTEADA 150 ML','VIG',NULL,NULL,NULL,NULL,'N',0,'124','01','4'),(NULL,'UN',NULL,'2',NULL,1,'40301001001001','LECHE SABORIZADA FRUTIKID 150','VIG',NULL,NULL,NULL,NULL,'N',0,'125','01','4'),(NULL,'UN',NULL,'2',NULL,1,'40301001001001','LECHE SABORIZADA FRUTILLA 1LT','VIG',NULL,NULL,NULL,NULL,'N',0,'126','01','4'),(NULL,'UN',NULL,'2',NULL,1,'40301001001001','LECHE SABORIZADA FRUTILLA 170','VIG',NULL,NULL,NULL,NULL,'N',0,'127','01','4'),(NULL,'UN',NULL,'1',NULL,1,'40301001001001','YOGURT CHIRIMOYA 2LT','VIG',NULL,NULL,NULL,NULL,'N',0,'128','01','5'),(NULL,'UN',NULL,'1',NULL,1,'40301001001001','YOGURT COCO 2LT','VIG',NULL,NULL,NULL,NULL,'N',0,'129','01','5'),(NULL,'GR',NULL,'2',NULL,1,'40302002001002','ESENCIA FRUTILLA','VIG',NULL,NULL,NULL,NULL,'N',0,'13','01','2'),(NULL,'UN',NULL,'1',NULL,1,'40301001001001','YOGURT DURAZNO 2LT','VIG',NULL,NULL,NULL,NULL,'N',0,'130','01','5'),(NULL,'UN',NULL,'1',NULL,1,'40301001001001','YOGURT FRUTILLA 2LT','VIG',NULL,NULL,NULL,NULL,'N',0,'131','01','5'),(NULL,'UN',NULL,'1',NULL,1,'40301001001001','YOGURT MORA 2LT','VIG',NULL,NULL,NULL,NULL,'N',0,'132','01','5'),(NULL,'UN',NULL,'1',NULL,1,'40301001001001','YOGURT NATURAL 2LT','VIG',NULL,NULL,NULL,NULL,'N',0,'133','01','5'),(NULL,'UN',NULL,'2',NULL,1,'40301001001001','YOG. FRUTADO FRUTILLA BOT 1 LT','VIG',NULL,NULL,NULL,NULL,'N',0,'134','01','5'),(NULL,'UN',NULL,'2',NULL,1,'40301001001001','YOG. FRUTADO FRUTILLA VASO 750','VIG',NULL,NULL,NULL,NULL,'N',0,'135','01','5'),(NULL,'UN',NULL,'3',NULL,1,'40301001001001','YOGURT SACHET COCO 80 CC','VIG',NULL,NULL,NULL,NULL,'N',0,'136','01','5'),(NULL,'UN',NULL,'3',NULL,1,'40301001001001','YOGURT SACHET DURAZNO 500 CC','VIG',NULL,NULL,NULL,NULL,'N',0,'137','01','5'),(NULL,'UN',NULL,'3',NULL,1,'40301001001001','YOGURT SACHET DURAZNO 80 CC','VIG',NULL,NULL,NULL,NULL,'N',0,'138','01','5'),(NULL,'UN',NULL,'3',NULL,1,'40301001001001','YOGURT SACHET FRUTILLA 120 CC','VIG',NULL,NULL,NULL,NULL,'N',0,'139','01','5'),(NULL,'GR',NULL,'2',NULL,1,'40302002001002','ESENCIA MANZANA','VIG',NULL,NULL,NULL,NULL,'N',0,'14','01','2'),(NULL,'UN',NULL,'3',NULL,1,'40301001001001','YOGURT SACHET FRUTILLA 140 CC','VIG',NULL,NULL,NULL,NULL,'N',0,'140','01','5'),(NULL,'UN',NULL,'3',NULL,1,'40301001001001','YOGURT SACHET FRUTILLA 150 CC','VIG',NULL,NULL,NULL,NULL,'N',0,'141','01','5'),(NULL,'UN',NULL,'3',NULL,1,'40301001001001','YOGURT SACHET FRUTILLA 500 CC','VIG',NULL,NULL,NULL,NULL,'N',0,'142','01','5'),(NULL,'UN',NULL,'3',NULL,1,'40301001001001','YOGURT SACHET FRUTILLA 80 CC','VIG',NULL,NULL,NULL,NULL,'N',0,'143','01','5'),(NULL,'UN',NULL,'4',NULL,1,'40301001001001','ILFRUT DURAZNO 140CC','VIG',NULL,NULL,NULL,NULL,'N',0,'144','01','5'),(NULL,'UN',NULL,'4',NULL,1,'40301001001001','ILFRUT JUGO NARANJA 160CC','VIG',NULL,NULL,NULL,NULL,'N',0,'145','01','5'),(NULL,'UN',NULL,'4',NULL,1,'40301001001001','ILFRUT MANZANA 140CC','VIG',NULL,NULL,NULL,NULL,'N',0,'146','01','5'),(NULL,'UN',NULL,'4',NULL,1,'40301001001001','JUGO DE FRUTAS 2 LT','VIG',NULL,NULL,NULL,NULL,'N',0,'147','01','5'),(NULL,'UN',NULL,'1',NULL,1,'40301001001001','QUESO EDAM 500','VIG',NULL,NULL,NULL,NULL,'N',0,'148','01','6'),(NULL,'UN',NULL,'1',NULL,1,'40301001001001','QUESO FRESCO 200 GR','VIG',NULL,NULL,NULL,NULL,'N',0,'149','01','6'),(NULL,'GR',NULL,'2',NULL,1,'40302002001002','ESENCIA MORA','VIG',NULL,NULL,NULL,NULL,'N',0,'15','01','2'),(NULL,'UN',NULL,'1',NULL,1,'40301001001001','QUESO FRESCO 500 GR','VIG',NULL,NULL,NULL,NULL,'N',0,'150','01','6'),(NULL,'UN',NULL,'1',NULL,1,'40301001001001','QUESO PRENSADO 500','VIG',NULL,NULL,NULL,NULL,'N',0,'151','01','6'),(NULL,'LT',NULL,'18',NULL,1,'40302002001017','AGUA','VIG','H2O',NULL,NULL,NULL,'N',1,'152','01','2'),(NULL,'LT',NULL,'1',NULL,1,'40302001001001','YOGURT_BASE','VIG',NULL,NULL,NULL,NULL,'N',0,'153','01','1'),(NULL,'GR',NULL,'2',NULL,1,'40302002001002','ESENCIA PIÑA','VIG',NULL,NULL,NULL,NULL,'N',0,'16','01','2'),(NULL,'GR',NULL,'2',NULL,1,'40302002001002','ESENCIA VAINILLA','VIG',NULL,NULL,NULL,NULL,'N',0,'17','01','2'),(NULL,'KG',NULL,'2',NULL,1,'40302002001002','SABORIZANTE CHIRIMOYA TC-967','VIG',NULL,NULL,NULL,NULL,'N',0,'18','01','2'),(NULL,'KG',NULL,'2',NULL,1,'40302002001002','SABORIZANTE COCO TC-965','VIG',NULL,NULL,NULL,NULL,'N',0,'19','01','2'),(NULL,'KG',NULL,'1',NULL,1,'40302002001008','ACIDO CITRICO','VIG',NULL,NULL,NULL,NULL,'N',0,'2','01','2'),(NULL,'KG',NULL,'2',NULL,1,'40302002001002','SABORIZANTE VAINIBUTT','VIG',NULL,NULL,NULL,NULL,'N',0,'20','01','2'),(NULL,'SB',NULL,'3',NULL,1,'40302002001006','FERMENTO PARA QUESO','VIG',NULL,NULL,NULL,NULL,'N',0,'21','01','2'),(NULL,'GR',NULL,'3',NULL,1,'40302002001006','FERMENTO PARA YOGURT','VIG',NULL,NULL,NULL,NULL,'N',0,'22','01','2'),(NULL,'SB',NULL,'3',NULL,1,'40302002001006','FERMENTO PROBIOTICO','VIG',NULL,NULL,NULL,NULL,'N',0,'23','01','2'),(NULL,'KG',NULL,'4',NULL,1,'40302002001007','PULPA DE  FRUTILLA','VIG',NULL,NULL,NULL,NULL,'N',0,'24','01','2'),(NULL,'KG',NULL,'4',NULL,1,'40302002001007','PULPA DE DURAZNO','VIG',NULL,NULL,NULL,NULL,'N',0,'25','01','2'),(NULL,'KG',NULL,'4',NULL,1,'40302002001007','PULPA DE MANZANA','VIG',NULL,NULL,NULL,NULL,'N',0,'26','01','2'),(NULL,'KG',NULL,'4',NULL,1,'40302002001007','PULPA DE NARANJA','VIG',NULL,NULL,NULL,NULL,'N',0,'27','01','2'),(NULL,'KG',NULL,'5',NULL,1,'40302002001017','SAL','VIG',NULL,NULL,NULL,NULL,'N',0,'28','01','2'),(NULL,'KG',NULL,'6',NULL,1,'40302002001008','CITRATO DE SODIO','VIG',NULL,NULL,NULL,NULL,'N',0,'29','01','2'),(NULL,'KG',NULL,'2',NULL,1,'40302002001002','ESENCIA AVENA AROMCOLOR IL 581','VIG',NULL,NULL,NULL,NULL,'N',0,'3','01','2'),(NULL,'KG',NULL,'7',NULL,1,'40302002001008','CITRUS PUNCH NARANJA','VIG',NULL,NULL,NULL,NULL,'N',0,'30','01','2'),(NULL,'KG',NULL,'8',NULL,1,'40302002001005','CACAO ALCALINO T-150','VIG',NULL,NULL,NULL,NULL,'N',0,'31','01','2'),(NULL,'KG',NULL,'8',NULL,1,'40302002001005','COCOA ALKALINA T-100','VIG',NULL,NULL,NULL,NULL,'N',0,'32','01','2'),(NULL,'KG',NULL,'9',NULL,1,'40302002001016','MALTODEXTRINA','VIG',NULL,NULL,NULL,NULL,'N',0,'33','01','2'),(NULL,'GR',NULL,'10',NULL,1,'40302002001017','CLORURO DE CALCIO','VIG',NULL,NULL,NULL,NULL,'N',0,'34','01','2'),(NULL,'KG',NULL,'11',NULL,1,'40302002001001','AZUCAR','VIG',NULL,NULL,NULL,NULL,'N',0,'35','01','2'),(NULL,'KG',NULL,'12',NULL,1,'40302002001017','BEKAPLUS Y3','VIG',NULL,NULL,NULL,NULL,'N',0,'36','01','2'),(NULL,'GR',NULL,'12',NULL,1,'40302002001017','CMC ESTABILIZANTE','VIG',NULL,NULL,NULL,NULL,'N',0,'37','01','2'),(NULL,'KG',NULL,'12',NULL,1,'40302002001017','EMULSIFICANTE ACIDMILK 374','VIG',NULL,NULL,NULL,NULL,'N',0,'38','01','2'),(NULL,'KG',NULL,'12',NULL,1,'40302002001017','JOHA S-9','VIG',NULL,NULL,NULL,NULL,'N',0,'39','01','2'),(NULL,'GR',NULL,'2',NULL,1,'40302002001002','ESENCIA BANANA','VIG',NULL,NULL,NULL,NULL,'N',0,'4','01','2'),(NULL,'KG',NULL,'12',NULL,1,'40302002001017','PALSGARD 5820','VIG',NULL,NULL,NULL,NULL,'N',0,'40','01','2'),(NULL,'GR',NULL,'13',NULL,1,'40302002001017','BENSOATO DE SODIO','VIG',NULL,NULL,NULL,NULL,'N',0,'41','01','2'),(NULL,'GR',NULL,'13',NULL,1,'40302002001017','CONSERVANTE NATACID','VIG',NULL,NULL,NULL,NULL,'N',0,'42','01','2'),(NULL,'KG',NULL,'13',NULL,1,'40302002001017','LISOZINA','VIG',NULL,NULL,NULL,NULL,'N',0,'43','01','2'),(NULL,'GR',NULL,'13',NULL,1,'40302002001012','NISINA','VIG',NULL,NULL,NULL,NULL,'N',0,'44','01','2'),(NULL,'KG',NULL,'13',NULL,1,'40302002001017','NITRATO DE POTASIO','VIG',NULL,NULL,NULL,NULL,'N',0,'45','01','2'),(NULL,'KG',NULL,'13',NULL,1,'40302002001017','SORBATO DE POTASIO','VIG',NULL,NULL,NULL,NULL,'N',0,'46','01','2'),(NULL,'KG',NULL,'13',NULL,1,'40302002001017','T 61 L  TRANSGLUTAMINAZA','VIG',NULL,NULL,NULL,NULL,'N',0,'47','01','2'),(NULL,'KG',NULL,'14',NULL,1,'40302002001003','CANELA NATURAL','VIG',NULL,NULL,NULL,NULL,'N',0,'48','01','2'),(NULL,'GR',NULL,'15',NULL,1,'40302002001003','COLORANTE AMARILLO HUEVO','VIG',NULL,NULL,NULL,NULL,'N',0,'49','01','2'),(NULL,'GR',NULL,'2',NULL,1,'40302002001002','ESENCIA CANELA','VIG',NULL,NULL,NULL,NULL,'N',0,'5','01','2'),(NULL,'GR',NULL,'15',NULL,1,'40302002001003','COLORANTE AZUL','VIG',NULL,NULL,NULL,NULL,'N',0,'50','01','2'),(NULL,'GR',NULL,'15',NULL,1,'40302002001003','COLORANTE ROJO AMARANTO FRUTILLA','VIG',NULL,NULL,NULL,NULL,'N',0,'51','01','2'),(NULL,'GR',NULL,'15',NULL,1,'40302002001003','COLORANTE ROJO COCHINILLA','VIG',NULL,NULL,NULL,NULL,'N',0,'52','01','2'),(NULL,'GR',NULL,'15',NULL,1,'40302002001003','COLORANTE UVA MORADA','VIG',NULL,NULL,NULL,NULL,'N',0,'53','01','2'),(NULL,'GR',NULL,'15',NULL,1,'40302002001003','COLORANTE VERDE MANZANA','VIG',NULL,NULL,NULL,NULL,'N',0,'54','01','2'),(NULL,'KG',NULL,'16',NULL,1,'40302002001004','CUAJO','VIG',NULL,NULL,NULL,NULL,'N',0,'55','01','2'),(NULL,'KG',NULL,'17',NULL,1,'40302002001010','EDULDIET','VIG',NULL,NULL,NULL,NULL,'N',0,'56','01','2'),(NULL,'KG',NULL,'1',NULL,1,'40302004002002','BLS P/CHICOTRON 80 ML','VIG',NULL,NULL,NULL,NULL,'N',0,'57','01','3'),(NULL,'KG',NULL,'1',NULL,1,'40302004002015','BLS P/LECHE CON AVENA DESAYUNO ESCOLAR','VIG',NULL,NULL,NULL,NULL,'N',0,'58','01','3'),(NULL,'KG',NULL,'1',NULL,1,'40302004002005','BLS P/LECHE SABORIZADA DESAYUNO ESCOLAR','VIG',NULL,NULL,NULL,NULL,'N',0,'59','01','3'),(NULL,'GR',NULL,'2',NULL,1,'40302002001002','ESENCIA CAPUCHINO','VIG',NULL,NULL,NULL,NULL,'N',0,'6','01','2'),(NULL,'KG',NULL,'1',NULL,1,'40302004002001','BLS. P/YOGURT SUBSIDIO 120 ML ','VIG',NULL,NULL,NULL,NULL,'N',0,'60','01','3'),(NULL,'KG',NULL,'1',NULL,1,'40302004002001','BLS. P/YOGURT 120 ML','VIG',NULL,NULL,NULL,NULL,'N',0,'61','01','3'),(NULL,'KG',NULL,'1',NULL,1,'40302004002001','BLS P/YOGURT 150 ML ESCOLAR','VIG',NULL,NULL,NULL,NULL,'N',0,'62','01','3'),(NULL,'KG',NULL,'1',NULL,1,'40302004002002','BOL. P/CHICOLIN 1LT','VIG',NULL,NULL,NULL,NULL,'N',0,'63','01','3'),(NULL,'KG',NULL,'1',NULL,1,'40302004002002','BOL. P/CHICOTRON 1 LT','VIG',NULL,NULL,NULL,NULL,'N',0,'64','01','3'),(NULL,'KG',NULL,'1',NULL,1,'40302004002002','BOL. P/CHICOTRON 150 CC','VIG',NULL,NULL,NULL,NULL,'N',0,'65','01','3'),(NULL,'PQ',NULL,'1',NULL,1,'40302004002016','BOL. P/CREMA DE LECHE','VIG',NULL,NULL,NULL,NULL,'N',0,'66','01','3'),(NULL,'KG',NULL,'1',NULL,1,'40302004002003','BOL. PIL CHUQUISACA 1  LT','VIG',NULL,NULL,NULL,NULL,'N',0,'67','01','3'),(NULL,'KG',NULL,'1',NULL,1,'40302004002007','BOL. P/ILFRUT  NARANJA','VIG',NULL,NULL,NULL,NULL,'N',0,'68','01','3'),(NULL,'KG',NULL,'1',NULL,1,'40302004002007','BOL. P/ILFRUT DURAZNO','VIG',NULL,NULL,NULL,NULL,'N',0,'69','01','3'),(NULL,'GR',NULL,'2',NULL,1,'40302002001002','ESENCIA CHOCOLATE ','VIG',NULL,NULL,NULL,NULL,'N',0,'7','01','2'),(NULL,'KG',NULL,'1',NULL,1,'40302004002007','BOL. P/ILFRUT MANZANA','VIG',NULL,NULL,NULL,NULL,'N',0,'70','01','3'),(NULL,'KG',NULL,'1',NULL,1,'40302004002015','BOL. P/LECHE C/AVENA 160 ML','VIG',NULL,NULL,NULL,NULL,'N',0,'71','01','3'),(NULL,'KG',NULL,'1',NULL,1,'40302004002005','BOL P/LECHE MALTEADA 150 ML','VIG',NULL,NULL,NULL,NULL,'N',0,'72','01','3'),(NULL,'KG',NULL,'1',NULL,1,'40302004002003','BOL. P/LECHE NATURAL 1 LT','VIG',NULL,NULL,NULL,NULL,'N',0,'73','01','3'),(NULL,'KG',NULL,'1',NULL,1,'40302004002003','BOL. P/LECHE NATURAL 950 ML SUBSIDIO','VIG',NULL,NULL,NULL,NULL,'N',0,'74','01','3'),(NULL,'KG',NULL,'1',NULL,1,'40302004002005','BOL. P/LECHE SAB. FRUTILLA  1 LT','VIG',NULL,NULL,NULL,NULL,'N',0,'75','01','3'),(NULL,'KG',NULL,'1',NULL,1,'40302004002005','BOL. P/LECHE SAB. FRUTILLA 160 CC','VIG',NULL,NULL,NULL,NULL,'N',0,'76','01','3'),(NULL,'KG',NULL,'1',NULL,1,'40302004002005','BOL P/LECHE SABORIZADA SUBSIDIO 1 LT','VIG',NULL,NULL,NULL,NULL,'N',0,'77','01','3'),(NULL,'UN',NULL,'1',NULL,1,'40302004002006','BOL. P/QUESO','VIG',NULL,NULL,NULL,NULL,'N',0,'78','01','3'),(NULL,'KG',NULL,'1',NULL,1,'40302004002001','BOL. P/YOGURT  ESCOLAR 80 CC','VIG',NULL,NULL,NULL,NULL,'N',0,'79','01','3'),(NULL,'GR',NULL,'2',NULL,1,'40302002001002','ESENCIA COCO','VIG',NULL,NULL,NULL,NULL,'N',0,'8','01','2'),(NULL,'KG',NULL,'1',NULL,1,'40302004002018','BOLSA TERMOCONTRAIBLES P/BOT. 2 LT','VIG',NULL,NULL,NULL,NULL,'N',0,'80','01','3'),(NULL,'KG',NULL,'1',NULL,1,'40302004002018','BOLSAS DE EMPAQUE','VIG',NULL,NULL,NULL,NULL,'N',0,'81','01','3'),(NULL,'UN',NULL,'1',NULL,1,'40302004002017','BOT. JUGO  DE FRUTAS 2  LT','VIG',NULL,NULL,NULL,NULL,'N',0,'82','01','3'),(NULL,'UN',NULL,'1',NULL,1,'40302004002009','BOTELLAS DE 2 LT CRISTAL ESTRIADO','VIG',NULL,NULL,NULL,NULL,'N',0,'83','01','3'),(NULL,'UN',NULL,'1',NULL,1,'40302004002018','EMPAQUETADURAS CLAMP DE 2\"','VIG',NULL,NULL,NULL,NULL,'N',0,'84','01','3'),(NULL,'UN',NULL,'1',NULL,1,'40302004002018','EMPAQUETADURAS CLAMPS   1 1/2\"','VIG',NULL,NULL,NULL,NULL,'N',0,'85','01','3'),(NULL,'KG',NULL,'1',NULL,1,'40302004002018','ETIQUETAS PARA YOGURT 2 LT CHIRIMOYA','VIG',NULL,NULL,NULL,NULL,'N',0,'86','01','3'),(NULL,'KG',NULL,'1',NULL,1,'40302004002018','ETIQUETAS PARA YOGURT 2 LT-COCO','VIG',NULL,NULL,NULL,NULL,'N',0,'87','01','3'),(NULL,'KG',NULL,'1',NULL,1,'40302004002018','ETIQUETAS PARA YOGURT 2 LT-DURAZNO','VIG',NULL,NULL,NULL,NULL,'N',0,'88','01','3'),(NULL,'KG',NULL,'1',NULL,1,'40302004002018','ETIQUETAS PARA YOGURT 2 LT-FRUTILLA','VIG',NULL,NULL,NULL,NULL,'N',0,'89','01','3'),(NULL,'GR',NULL,'2',NULL,1,'40302002001002','ESENCIA CREMA','VIG',NULL,NULL,NULL,NULL,'N',0,'9','01','2'),(NULL,'KG',NULL,'1',NULL,1,'40302004002018','ETIQUETAS PARA YOGURT 2 LT-MORA','VIG',NULL,NULL,NULL,NULL,'N',0,'90','01','3'),(NULL,'KG',NULL,'1',NULL,1,'40302004002018','ETIQUETAS P/BIOYOGURT 2 LT','VIG',NULL,NULL,NULL,NULL,'N',0,'91','01','3'),(NULL,'UN',NULL,'1',NULL,1,'40302004002018','ETIQUETAS P/YOGURT FRUTADO 1 LT COMERCIAL','VIG',NULL,NULL,NULL,NULL,'N',0,'92','01','3'),(NULL,'UN',NULL,'1',NULL,1,'40302004002018','ETIQUETAS QUESO EDAM - SUBSISDIO','VIG',NULL,NULL,NULL,NULL,'N',0,'93','01','3'),(NULL,'UN',NULL,'1',NULL,1,'40302004002018','ETQ PARA YOGURT FRUTADO SUBSIDIO 1 LT','VIG',NULL,NULL,NULL,NULL,'N',0,'94','01','3'),(NULL,'UN',NULL,'1',NULL,1,'40302004002014','TAPAS PARA BOTELLA DE 2 LT','VIG',NULL,NULL,NULL,NULL,'N',0,'95','01','3'),(NULL,'UN',NULL,'1',NULL,1,'40302004002008','TAPAS Y BOTELLAS P/FRUTADO','VIG',NULL,NULL,NULL,NULL,'N',0,'96','01','3'),(NULL,'UN',NULL,'1',NULL,1,'40302004002011','VASOS P/YOGURT FRUTADO 140 ML','VIG',NULL,NULL,NULL,NULL,'N',0,'97','01','3'),(NULL,'UN',NULL,'1',NULL,1,'40302004002010','VASOS P/YOGURT FRUTADO 750 ML','VIG',NULL,NULL,NULL,NULL,'N',0,'98','01','3'),(NULL,'UN',NULL,'2',NULL,1,'40302004002018','CINTA FECHADOR','VIG',NULL,NULL,NULL,NULL,'N',0,'99','01','3');

/*Table structure for table `inv_grupos` */

CREATE TABLE `inv_grupos` (
  `CUENTA_INV` varchar(255) DEFAULT NULL,
  `DESCRI` varchar(255) DEFAULT NULL,
  `TIPO` varchar(255) DEFAULT NULL,
  `VERSION` bigint(20) DEFAULT NULL,
  `COD_GRU` varchar(255) NOT NULL,
  `NO_CIA` varchar(255) NOT NULL,
  PRIMARY KEY (`COD_GRU`,`NO_CIA`)
) ENGINE=InnoDB DEFAULT CHARSET=utf8;

/*Data for the table `inv_grupos` */

insert  into `inv_grupos`(`CUENTA_INV`,`DESCRI`,`TIPO`,`VERSION`,`COD_GRU`,`NO_CIA`) values ('10103001001002','MATERIA PRIMA',NULL,1,'1','01'),('10103001001001','INSUMOS DE PRODUCCION',NULL,0,'2','01'),('10103002001001','MATERIAL DE PRODUCCION',NULL,0,'3','01'),('10103005001001','UHT','VENTA',0,'4','01'),('10103005001001','YOGURT','VENTA',0,'5','01'),('10103005001001','QUESO','VENTA',0,'6','01');

/*Table structure for table `modulo` */

CREATE TABLE `modulo` (
  `IDMODULO` bigint(20) NOT NULL,
  `DESCRIPCION` longtext,
  `IDCOMPANIA` bigint(20) DEFAULT NULL,
  `NOMBRERECURSO` varchar(255) DEFAULT NULL,
  PRIMARY KEY (`IDMODULO`)
) ENGINE=InnoDB DEFAULT CHARSET=utf8;

/*Data for the table `modulo` */

/*Table structure for table `modulocompania` */

CREATE TABLE `modulocompania` (
  `ACTIVO` int(11) DEFAULT NULL,
  `IDCOMPANIA` bigint(20) NOT NULL,
  `IDMODULO` bigint(20) NOT NULL,
  PRIMARY KEY (`IDCOMPANIA`,`IDMODULO`),
  KEY `FK_modulocompania_IDMODULO` (`IDMODULO`),
  CONSTRAINT `FK_modulocompania_IDMODULO` FOREIGN KEY (`IDMODULO`) REFERENCES `modulo` (`IDMODULO`)
) ENGINE=InnoDB DEFAULT CHARSET=utf8;

/*Data for the table `modulocompania` */

/*Table structure for table `movimiento` */

CREATE TABLE `movimiento` (
  `IDMOVIMIENTO` bigint(24) NOT NULL,
  `GLOSA` varchar(300) DEFAULT NULL,
  `ESTADO` varchar(15) DEFAULT NULL,
  `CODESTRUCT` varchar(30) DEFAULT NULL,
  `MONEDA` varchar(10) DEFAULT NULL,
  `NROFACTURA` varchar(30) DEFAULT NULL,
  `CODIGOCONTROL` varchar(30) DEFAULT NULL,
  `TIPOPAGO` varchar(10) DEFAULT NULL,
  `TIPOCAMBIO` double DEFAULT NULL,
  `FECHAREGISTRO` timestamp NOT NULL DEFAULT CURRENT_TIMESTAMP ON UPDATE CURRENT_TIMESTAMP,
  `IDPEDIDOS` bigint(20) NOT NULL,
  PRIMARY KEY (`IDMOVIMIENTO`),
  KEY `MOVIMIENTO_pedidos_FK` (`IDPEDIDOS`),
  CONSTRAINT `MOVIMIENTO_pedidos_FK` FOREIGN KEY (`IDPEDIDOS`) REFERENCES `pedidos` (`IDPEDIDOS`)
) ENGINE=InnoDB DEFAULT CHARSET=utf8;

/*Data for the table `movimiento` */

/*Table structure for table `paquetes` */

CREATE TABLE `paquetes` (
  `IDPAQUETES` bigint(20) NOT NULL,
  `ACTIVO` varchar(255) DEFAULT NULL,
  `CUENTA_ID` bigint(20) DEFAULT NULL,
  `FECHA_FIN` date DEFAULT NULL,
  `FECHA_INICIO` date DEFAULT NULL,
  `NOMBRE` varchar(255) DEFAULT NULL,
  `TOTAL` double DEFAULT NULL,
  PRIMARY KEY (`IDPAQUETES`)
) ENGINE=InnoDB DEFAULT CHARSET=utf8;

/*Data for the table `paquetes` */

/*Table structure for table `pedidos` */

CREATE TABLE `pedidos` (
  `IDPEDIDOS` bigint(20) NOT NULL,
  `DESCRIPCION` varchar(255) DEFAULT NULL,
  `FACTURA` varchar(255) DEFAULT NULL,
  `FECHA_A_PAGAR` date DEFAULT NULL,
  `FECHA_ENTREGA` date DEFAULT NULL,
  `FECHA_PEDIDO` date DEFAULT NULL,
  `IDDIRECCION` bigint(20) DEFAULT NULL,
  `OBSERVACION` varchar(255) DEFAULT NULL,
  `PORCENTAJECOMISION` double DEFAULT NULL,
  `PORCENTAJEGARANTIA` double DEFAULT NULL,
  `SUPERVISOR` bigint(20) DEFAULT NULL,
  `TOTAL` double DEFAULT NULL,
  `ESTADO_PEDIDO` bigint(20) DEFAULT NULL,
  `IDCLIENTE` bigint(20) DEFAULT NULL,
  `IDTIPOPEDIDO` bigint(20) DEFAULT NULL,
  `ESTADO` varchar(15) DEFAULT NULL,
  `TOTALIMPORTE` double NOT NULL,
  `IDUSUARIO` bigint(20) DEFAULT NULL,
  `VALORCOMISION` double DEFAULT NULL,
  `VALORGARANTIA` double DEFAULT NULL,
  `CODIGO` bigint(20) DEFAULT NULL,
  `CON_REPOSICION` int(11) DEFAULT NULL,
  PRIMARY KEY (`IDPEDIDOS`),
  KEY `FK_pedidos_IDTIPOPEDIDO` (`IDTIPOPEDIDO`),
  KEY `FK_pedidos_ESTADO_PEDIDO` (`ESTADO_PEDIDO`),
  KEY `FK_pedidos_usuario_idx` (`IDUSUARIO`),
  KEY `fk_pedidos_cliente_idx` (`IDCLIENTE`),
  CONSTRAINT `FK_pedidos_ESTADO_PEDIDO` FOREIGN KEY (`ESTADO_PEDIDO`) REFERENCES `estado_pedidos` (`IDESTADOPEDIDO`),
  CONSTRAINT `FK_pedidos_IDTIPOPEDIDO` FOREIGN KEY (`IDTIPOPEDIDO`) REFERENCES `tipopedido` (`IDTIPOPEDIDO`),
  CONSTRAINT `FK_pedidos_usuario` FOREIGN KEY (`IDUSUARIO`) REFERENCES `usuario` (`IDUSUARIO`) ON DELETE NO ACTION ON UPDATE NO ACTION,
  CONSTRAINT `fk_pedidos_cliente` FOREIGN KEY (`IDCLIENTE`) REFERENCES `persona` (`IDPERSONA`) ON DELETE NO ACTION ON UPDATE NO ACTION
) ENGINE=InnoDB DEFAULT CHARSET=utf8;

/*Data for the table `pedidos` */

insert  into `pedidos`(`IDPEDIDOS`,`DESCRIPCION`,`FACTURA`,`FECHA_A_PAGAR`,`FECHA_ENTREGA`,`FECHA_PEDIDO`,`IDDIRECCION`,`OBSERVACION`,`PORCENTAJECOMISION`,`PORCENTAJEGARANTIA`,`SUPERVISOR`,`TOTAL`,`ESTADO_PEDIDO`,`IDCLIENTE`,`IDTIPOPEDIDO`,`ESTADO`,`TOTALIMPORTE`,`IDUSUARIO`,`VALORCOMISION`,`VALORGARANTIA`,`CODIGO`,`CON_REPOSICION`) values (2,NULL,NULL,NULL,'2015-03-24','2015-03-24',NULL,'prueba',0.2,7.7,NULL,0,NULL,8,1,'ENTREGADO',140,NULL,0,0,1,0),(4,NULL,NULL,NULL,'2015-03-25','2015-03-25',NULL,'gjgghj',1.5,7.2,NULL,0,NULL,9,1,'ENTREGADO',413,NULL,0,0,3,0),(5,NULL,NULL,NULL,'2015-03-25','2015-03-25',NULL,NULL,0.3,0.4,NULL,0,NULL,7,1,'PREPARAR',483,NULL,0,0,4,0),(6,NULL,NULL,NULL,'2015-03-27','2015-03-27',NULL,NULL,0,0,NULL,0,NULL,12,1,'PREPARAR',595,NULL,0,0,5,0),(7,NULL,NULL,NULL,'2015-03-28','2015-03-27',NULL,NULL,0,0,NULL,0,NULL,11,1,'PREPARAR',560,NULL,0,0,6,0),(8,NULL,NULL,NULL,'2015-03-28','2015-03-27',NULL,NULL,0,0,NULL,0,NULL,10,1,'PREPARAR',406,NULL,0,0,7,0);

/*Table structure for table `persona` */

CREATE TABLE `persona` (
  `IDPERSONA` bigint(20) NOT NULL,
  `AM` varchar(255) DEFAULT NULL,
  `AP` varchar(255) DEFAULT NULL,
  `CEM_COD` varchar(255) DEFAULT NULL,
  `EST_CIVIL` varchar(255) DEFAULT NULL,
  `FECHA_NAC` date DEFAULT NULL,
  `NOM` varchar(255) DEFAULT NULL,
  `NRO_DOC` varchar(255) DEFAULT NULL,
  `OCU_COD` varchar(255) DEFAULT NULL,
  `SEXO` varchar(255) DEFAULT NULL,
  `SIS_COD` varchar(255) DEFAULT NULL,
  `TDO_COD` varchar(255) DEFAULT NULL,
  `TIPO_PERSONA` varchar(45) DEFAULT NULL,
  `DIRECCION` varchar(100) DEFAULT NULL,
  `TELEFONO` int(11) DEFAULT NULL,
  `NIT` varchar(20) DEFAULT NULL,
  `CODIGOCLIENTE` varchar(10) DEFAULT NULL,
  `RAZONSOCIAL` varchar(45) DEFAULT NULL,
  `OBSERVACION` varchar(100) DEFAULT NULL,
  `IDRETENCION` bigint(20) DEFAULT NULL,
  `IDTIPOCLIENTE` bigint(20) DEFAULT NULL,
  `IDDEPARTAMENTO` bigint(24) DEFAULT NULL,
  `PORCENTAJECOMISION` double DEFAULT NULL,
  `PORCENTAJEGARANTIA` double DEFAULT NULL,
  `IDTERRITORIOTRABAJO` bigint(24) DEFAULT NULL,
  `con_factura` int(11) NOT NULL,
  PRIMARY KEY (`IDPERSONA`),
  UNIQUE KEY `IDPERSONA_UNIQUE` (`IDPERSONA`),
  KEY `FK_PERSONAS_TIPOCLIENTE_idx` (`IDTIPOCLIENTE`),
  KEY `FK_PERSONAS_DEPARTAMENTO_idx` (`IDDEPARTAMENTO`),
  KEY `FK_PERSONA_TERRITORIO_idx` (`IDTERRITORIOTRABAJO`),
  CONSTRAINT `FK_PERSONAS_DEPARTAMENTO` FOREIGN KEY (`IDDEPARTAMENTO`) REFERENCES `departamento` (`IDDEPARTAMENTO`) ON DELETE NO ACTION ON UPDATE NO ACTION,
  CONSTRAINT `FK_PERSONAS_TIPOCLIENTE` FOREIGN KEY (`IDTIPOCLIENTE`) REFERENCES `tipocliente` (`IDTIPOCLIENTE`) ON DELETE NO ACTION ON UPDATE NO ACTION,
  CONSTRAINT `FK_PERSONA_TERRITORIO` FOREIGN KEY (`IDTERRITORIOTRABAJO`) REFERENCES `territoriotrabajo` (`IDTERRITORIOTRABAJO`) ON DELETE NO ACTION ON UPDATE NO ACTION
) ENGINE=InnoDB DEFAULT CHARSET=utf8;

/*Data for the table `persona` */

insert  into `persona`(`IDPERSONA`,`AM`,`AP`,`CEM_COD`,`EST_CIVIL`,`FECHA_NAC`,`NOM`,`NRO_DOC`,`OCU_COD`,`SEXO`,`SIS_COD`,`TDO_COD`,`TIPO_PERSONA`,`DIRECCION`,`TELEFONO`,`NIT`,`CODIGOCLIENTE`,`RAZONSOCIAL`,`OBSERVACION`,`IDRETENCION`,`IDTIPOCLIENTE`,`IDDEPARTAMENTO`,`PORCENTAJECOMISION`,`PORCENTAJEGARANTIA`,`IDTERRITORIOTRABAJO`,`con_factura`) values (1,'Fernandez','Loza',NULL,NULL,NULL,'Pedro','12312',NULL,'MASCULINO',NULL,NULL,'distribuidor','Calle Constantino',NULL,'',NULL,'',NULL,NULL,NULL,NULL,NULL,0,NULL,1),(2,'Rancio','Villa',NULL,NULL,NULL,'Marcela','45678889',NULL,'FEMENINO',NULL,NULL,'distribuidor','Calle Aparicio',NULL,'',NULL,'',NULL,NULL,NULL,NULL,NULL,0,NULL,0),(6,'','',NULL,NULL,NULL,'',NULL,NULL,'',NULL,NULL,'institucion','calle Lapaz',23466,'432',NULL,'institucion',NULL,NULL,1,NULL,4,0,1,1),(7,'','',NULL,NULL,NULL,'','432423',NULL,'FEMENINO',NULL,NULL,'institucion','Calle cerca',234324,'23432',NULL,'IC norte',NULL,NULL,1,NULL,0.3,0.4,1,1),(8,'Zapatero','Rodriguez',NULL,NULL,NULL,'Marcela','1233',NULL,'MASCULINO',NULL,NULL,'cliente','Calle Ramirez',433255,'23434',NULL,'',NULL,NULL,5,NULL,0.2,7.7,3,0),(9,'Loza','Ramires',NULL,NULL,NULL,'Pedro','4334434',NULL,'MASCULINO',NULL,NULL,'cliente','Calle ',3455,'',NULL,'',NULL,NULL,2,NULL,1.5,7.2,1,0),(10,'Vallejos','Claros',NULL,NULL,NULL,'Samuel','344355',NULL,'MASCULINO',NULL,NULL,'cliente','Calle Sucre',4435643,'34344',NULL,'',NULL,NULL,1,NULL,0,0,1,1),(11,'Zico','Zapatero',NULL,NULL,NULL,'Maria','435666',NULL,'FEMENINO',NULL,NULL,'cliente','Calle Carmen ',4465565,'3434551',NULL,'',NULL,NULL,2,NULL,0,0,1,0),(12,'Solis','Ramirez',NULL,NULL,NULL,'Miguel','4354',NULL,'MASCULINO',NULL,NULL,'cliente','Calle Zapatero',234356,'3434567',NULL,'',NULL,NULL,1,NULL,0,0,1,0),(13,'','',NULL,NULL,NULL,'',NULL,NULL,'',NULL,NULL,'institucion','Calle Tantos',443255,'34355',NULL,'Ilva',NULL,NULL,5,NULL,0,0,1,1),(14,'Fernandez','Salvador',NULL,NULL,NULL,'Pedro','2324',NULL,'MASCULINO',NULL,NULL,'distribuidor','calle ',34355,'43434',NULL,'',NULL,NULL,NULL,NULL,0,0,NULL,0),(15,'Davalos','Aranivar',NULL,NULL,NULL,'Claudia','4346657',NULL,'FEMENINO',NULL,NULL,'distribuidor','Calle',446565,'455767',NULL,NULL,NULL,NULL,NULL,NULL,0,0,NULL,0),(16,'Davila','Gonzales',NULL,NULL,NULL,'Tania','54657657',NULL,'FEMENINO',NULL,NULL,'distribuidor','Calle Davalos',4457675,'324545',NULL,'',NULL,NULL,NULL,NULL,0,0,NULL,0),(17,'','',NULL,NULL,NULL,'',NULL,NULL,'',NULL,NULL,'institucion','Calle Antofagasta',434354,'543646',NULL,'Elfec',NULL,NULL,5,NULL,0.5,1.2,5,0),(18,'Maldonado','Ramirez',NULL,NULL,NULL,'Marcela','432545',NULL,'FEMENINO',NULL,NULL,'cliente','Calle Quiñoz',343254,'',NULL,'',NULL,NULL,1,NULL,7,0,3,0),(19,'Alvares','Flores',NULL,NULL,NULL,'Tania','43543',NULL,'FEMENINO',NULL,NULL,'cliente','Calle',3454,'35434345',NULL,'',NULL,NULL,1,NULL,0,0,3,1);

/*Table structure for table `promocion` */

CREATE TABLE `promocion` (
  `IDPROMOCION` bigint(24) NOT NULL,
  `NOMBRE` varchar(50) DEFAULT NULL,
  `FECHAINICIO` date DEFAULT NULL,
  `FECHAFIN` date DEFAULT NULL,
  `ESTADO` varchar(15) DEFAULT NULL,
  `TOTAL` double DEFAULT NULL,
  PRIMARY KEY (`IDPROMOCION`)
) ENGINE=InnoDB DEFAULT CHARSET=utf8;

/*Data for the table `promocion` */

/*Table structure for table `rol` */

CREATE TABLE `rol` (
  `IDROL` bigint(20) NOT NULL,
  `DESCRIPCION` longtext,
  `IDCOMPANIA` bigint(20) DEFAULT NULL,
  `NOMBRE` varchar(255) DEFAULT NULL,
  `VERSION` bigint(20) DEFAULT NULL,
  PRIMARY KEY (`IDROL`)
) ENGINE=InnoDB DEFAULT CHARSET=utf8;

/*Data for the table `rol` */

/*Table structure for table `territoriotrabajo` */

CREATE TABLE `territoriotrabajo` (
  `IDTERRITORIOTRABAJO` bigint(24) NOT NULL,
  `NOMBRE` varchar(100) DEFAULT NULL,
  `PAIS` varchar(50) DEFAULT NULL,
  `DESCRIPCION` varchar(50) DEFAULT NULL,
  `IDDISTRIBUIDOR` bigint(20) DEFAULT NULL,
  `IDDEPARTAMENTO` bigint(24) DEFAULT NULL,
  PRIMARY KEY (`IDTERRITORIOTRABAJO`),
  KEY `fk_territorio_departamento_idx` (`IDDEPARTAMENTO`),
  KEY `fk_territorio_persona_idx` (`IDDISTRIBUIDOR`),
  CONSTRAINT `fk_territorio_departamento` FOREIGN KEY (`IDDEPARTAMENTO`) REFERENCES `departamento` (`IDDEPARTAMENTO`) ON DELETE NO ACTION ON UPDATE NO ACTION,
  CONSTRAINT `fk_territorio_persona` FOREIGN KEY (`IDDISTRIBUIDOR`) REFERENCES `persona` (`IDPERSONA`) ON DELETE NO ACTION ON UPDATE NO ACTION
) ENGINE=InnoDB DEFAULT CHARSET=utf8;

/*Data for the table `territoriotrabajo` */

insert  into `territoriotrabajo`(`IDTERRITORIOTRABAJO`,`NOMBRE`,`PAIS`,`DESCRIPCION`,`IDDISTRIBUIDOR`,`IDDEPARTAMENTO`) values (1,'Punata','Bolivia','descripcion',2,1),(3,'Cochabamba Central','Bolivia','',1,1),(4,'Vinto','Bolivia','',1,1),(5,'Quillacollo','Bolivia','nose',14,1);

/*Table structure for table `tipocliente` */

CREATE TABLE `tipocliente` (
  `IDTIPOCLIENTE` bigint(20) NOT NULL,
  `NOMBRE` varchar(255) DEFAULT NULL,
  PRIMARY KEY (`IDTIPOCLIENTE`)
) ENGINE=InnoDB DEFAULT CHARSET=utf8;

/*Data for the table `tipocliente` */

insert  into `tipocliente`(`IDTIPOCLIENTE`,`NOMBRE`) values (1,'Tienda'),(2,'Supermercado'),(3,'Micromercado'),(4,'Desayuno Escolar'),(5,'Agencia');

/*Table structure for table `tipopedido` */

CREATE TABLE `tipopedido` (
  `IDTIPOPEDIDO` bigint(20) NOT NULL,
  `NOMBRE` varchar(255) DEFAULT NULL,
  PRIMARY KEY (`IDTIPOPEDIDO`)
) ENGINE=InnoDB DEFAULT CHARSET=utf8;

/*Data for the table `tipopedido` */

insert  into `tipopedido`(`IDTIPOPEDIDO`,`NOMBRE`) values (1,'PEDIDO'),(2,'DEGUSACION'),(3,'REFRIGERIO'),(4,'REPOSICION');

/*Table structure for table `usuario` */

CREATE TABLE `usuario` (
  `IDUSUARIO` bigint(20) NOT NULL,
  `CLAVE` varchar(255) DEFAULT NULL,
  `EMAIL` varchar(255) DEFAULT NULL,
  `FECHACREACION` datetime DEFAULT NULL,
  `NUMEROUSUARIO` varchar(255) DEFAULT NULL,
  `USUARIO` varchar(255) DEFAULT NULL,
  `USUARIOFINANZAS` int(11) DEFAULT NULL,
  `VERSION` bigint(20) DEFAULT NULL,
  `IDCOMPANIA` bigint(20) DEFAULT NULL,
  PRIMARY KEY (`IDUSUARIO`),
  KEY `FK_usuario_IDCOMPANIA` (`IDCOMPANIA`),
  CONSTRAINT `FK_usuario_IDCOMPANIA` FOREIGN KEY (`IDCOMPANIA`) REFERENCES `compania` (`IDCOMPANIA`)
) ENGINE=InnoDB DEFAULT CHARSET=utf8;

/*Data for the table `usuario` */

insert  into `usuario`(`IDUSUARIO`,`CLAVE`,`EMAIL`,`FECHACREACION`,`NUMEROUSUARIO`,`USUARIO`,`USUARIOFINANZAS`,`VERSION`,`IDCOMPANIA`) values (1,'b452ec70e4f65b0355a194217ec9ba6000e045f7458d3abbab1a7c72ef1aef00c8292898e8bcd2161f59f783d995211e2c0cb5a72fc15148f8833a5eec4f2008',NULL,'2012-01-14 00:00:00',NULL,'ilva',NULL,0,1);

/*Table structure for table `usuariorol` */

CREATE TABLE `usuariorol` (
  `IDROL` bigint(20) NOT NULL,
  `IDUSUARIO` bigint(20) NOT NULL,
  PRIMARY KEY (`IDROL`,`IDUSUARIO`),
  KEY `FK_usuariorol_IDUSUARIO` (`IDUSUARIO`),
  CONSTRAINT `FK_usuariorol_IDROL` FOREIGN KEY (`IDROL`) REFERENCES `rol` (`IDROL`),
  CONSTRAINT `FK_usuariorol_IDUSUARIO` FOREIGN KEY (`IDUSUARIO`) REFERENCES `usuario` (`IDUSUARIO`)
) ENGINE=InnoDB DEFAULT CHARSET=utf8;

/*Data for the table `usuariorol` */

/*Table structure for table `ventaarticulo` */

CREATE TABLE `ventaarticulo` (
  `IDVENTAARTICULO` bigint(20) NOT NULL AUTO_INCREMENT,
  `PRECIO` double DEFAULT NULL,
  `NO_CIA` varchar(255) DEFAULT NULL,
  `COD_ART` varchar(255) DEFAULT NULL,
  `IDPAQUETE` bigint(20) DEFAULT NULL,
  `IDPROMOCION` bigint(24) DEFAULT NULL,
  PRIMARY KEY (`IDVENTAARTICULO`),
  KEY `FK_ventaarticulo_COD_ART` (`COD_ART`,`NO_CIA`),
  KEY `FK_ventaarticulo_paquete_idx` (`IDPAQUETE`),
  KEY `FK_ventaarticulo_promocion_idx` (`IDPROMOCION`),
  CONSTRAINT `FK_ventaarticulo_COD_ART` FOREIGN KEY (`COD_ART`, `NO_CIA`) REFERENCES `inv_articulos` (`COD_ART`, `NO_CIA`),
  CONSTRAINT `FK_ventaarticulo_paquete` FOREIGN KEY (`IDPAQUETE`) REFERENCES `ventaarticulo` (`IDVENTAARTICULO`) ON DELETE NO ACTION ON UPDATE NO ACTION,
  CONSTRAINT `FK_ventaarticulo_promocion` FOREIGN KEY (`IDPROMOCION`) REFERENCES `promocion` (`IDPROMOCION`) ON DELETE NO ACTION ON UPDATE NO ACTION
) ENGINE=InnoDB AUTO_INCREMENT=36 DEFAULT CHARSET=utf8;

/*Data for the table `ventaarticulo` */

insert  into `ventaarticulo`(`IDVENTAARTICULO`,`PRECIO`,`NO_CIA`,`COD_ART`,`IDPAQUETE`,`IDPROMOCION`) values (2,7,'01','118',NULL,NULL),(3,7,'01','119',NULL,NULL),(4,7,'01','120',NULL,NULL),(5,7,'01','121',NULL,NULL),(6,7,'01','122',NULL,NULL),(7,7,'01','123',NULL,NULL),(8,7,'01','124',NULL,NULL),(9,7,'01','125',NULL,NULL),(10,7,'01','126',NULL,NULL),(11,7,'01','127',NULL,NULL),(12,7,'01','128',NULL,NULL),(13,7,'01','129',NULL,NULL),(14,7,'01','130',NULL,NULL),(15,7,'01','131',NULL,NULL),(16,7,'01','132',NULL,NULL),(17,7,'01','133',NULL,NULL),(18,7,'01','134',NULL,NULL),(19,7,'01','135',NULL,NULL),(20,7,'01','136',NULL,NULL),(21,7,'01','137',NULL,NULL),(22,7,'01','138',NULL,NULL),(23,7,'01','139',NULL,NULL),(24,7,'01','140',NULL,NULL),(25,7,'01','141',NULL,NULL),(26,7,'01','142',NULL,NULL),(27,7,'01','143',NULL,NULL),(28,7,'01','144',NULL,NULL),(29,7,'01','145',NULL,NULL),(30,7,'01','146',NULL,NULL),(31,7,'01','147',NULL,NULL),(32,7,'01','148',NULL,NULL),(33,7,'01','149',NULL,NULL),(34,7,'01','150',NULL,NULL),(35,7,'01','151',NULL,NULL);

/*Table structure for table `ventacliente` */

CREATE TABLE `ventacliente` (
  `IDVENTACLIENTE` bigint(24) NOT NULL,
  `PRECIOESPECIAL` double DEFAULT NULL,
  `IDVENTAARTICULO` bigint(24) NOT NULL,
  `IDPERSONA` bigint(20) NOT NULL,
  PRIMARY KEY (`IDVENTACLIENTE`),
  KEY `VentaCliente_CLIENTE_FK` (`IDPERSONA`),
  KEY `VentaCliente_VENTAARTICULO_FK` (`IDVENTAARTICULO`),
  CONSTRAINT `VentaCliente_CLIENTE_FK` FOREIGN KEY (`IDPERSONA`) REFERENCES `persona` (`IDPERSONA`),
  CONSTRAINT `VentaCliente_VENTAARTICULO_FK` FOREIGN KEY (`IDVENTAARTICULO`) REFERENCES `ventaarticulo` (`IDVENTAARTICULO`)
) ENGINE=InnoDB DEFAULT CHARSET=utf8;

/*Data for the table `ventacliente` */

/*!40101 SET SQL_MODE=@OLD_SQL_MODE */;
/*!40014 SET FOREIGN_KEY_CHECKS=@OLD_FOREIGN_KEY_CHECKS */;
/*!40014 SET UNIQUE_CHECKS=@OLD_UNIQUE_CHECKS */;
/*!40111 SET SQL_NOTES=@OLD_SQL_NOTES */;
